{
    "payload":
    [
        {
            "id": 1,
            "type": 1,
            "question":{
                "caption": "Sample Question 2",
                "options":[
                    "option 1-1-1",
                    "option 1-1-2",
                    "option 1-1-3",
                    "option 1-1-4"
                ],
                "answer": 1
            }
        },
        {
            "id": 2,
            "type": 1,
            "question":{
                "caption": "Sample Question 2",
                "options":[
                    "option 1-2-1",
                    "option 1-2-2",
                    "option 1-2-3",
                    "option 1-2-4"
                ],
                "answer": 2
            }
        },
        {
            "id": 3,
            "type": 1,
            "question":{
                "caption": "Sample Question 3",
                "options":[
                    "option 1-2-1",
                    "option 1-2-2",
                    "option 1-2-3",
                    "option 1-2-4"
                ],
                "answer": 2
            }
        },
        {
            "id": 4,
            "type": 1,
            "question":{
                "caption": "Sample Question 4",
                "options":[
                    "option 1-2-1",
                    "option 1-2-2",
                    "option 1-2-3",
                    "option 1-2-4"
                ],
                "answer": 2
            }
        },
        {
            "id": 5,
            "type": 1,
            "question":{
                "caption": "Sample Question 5",
                "options":[
                    "option 1-2-1",
                    "option 1-2-2",
                    "option 1-2-3",
                    "option 1-2-4"
                ],
                "answer": 2
            }
        },
        {
            "id": 6,
            "type": 1,
            "question":{
                "caption": "Sample Question 6",
                "options":[
                    "option 1-2-1",
                    "option 1-2-2",
                    "option 1-2-3",
                    "option 1-2-4"
                ],
                "answer": 2
            }
        }
    ]
}
