{
    "payload":
    [
        {
            "id": 1,
            "type": 2,
            "question":{
                "caption": "Sample Question 2-1",
                "url": "https://www.youtube.com/embed/tgbNymZ7vqY",
                "options":[
                    "option 2-1-1",
                    "option 2-1-2",
                    "option 2-1-3",
                    "option 2-1-4"
                ],
                "answer": null

            }
        },
        {
            "id": 2,
            "type": 2,
            "question":{
                "caption": "Sample Question 2-2",
                "url": "https://www.youtube.com/embed/tgbNymZ7vqY",
                "options":[
                    "option 2-2-1",
                    "option 2-2-2",
                    "option 2-2-3",
                    "option 2-2-4"
                ],
                "answer": null

            }
        },
        {
            "id": 3,
            "type": 2,
            "question":{
                "caption": "Sample Question 2-3",
                "url": "https://www.youtube.com/embed/tgbNymZ7vqY",
                "options":[
                    "option 2-2-1",
                    "option 2-2-2",
                    "option 2-2-3",
                    "option 2-2-4"
                ],
                "answer": null

            }
        },
        {
            "id": 4,
            "type": 2,
            "question":{
                "caption": "Sample Question 2-4",
                "url": "https://www.youtube.com/embed/tgbNymZ7vqY",
                "options":[
                    "option 2-2-1",
                    "option 2-2-2",
                    "option 2-2-3",
                    "option 2-2-4"
                ],
                "answer": null

            }
        },
        {
            "id": 5,
            "type": 2,
            "question":{
                "caption": "Sample Question 2-5",
                "url": "https://www.youtube.com/embed/tgbNymZ7vqY",
                "options":[
                    "option 2-2-1",
                    "option 2-2-2",
                    "option 2-2-3",
                    "option 2-2-4"
                ],
                "answer": null

            }
        },
        {
            "id": 6,
            "type": 2,
            "question":{
                "caption": "Sample Question 2-6",
                "url": "https://www.youtube.com/embed/tgbNymZ7vqY",
                "options":[
                    "option 2-2-1",
                    "option 2-2-2",
                    "option 2-2-3",
                    "option 2-2-4"
                ],
                "answer": null

            }
        }
    ]
}
