{
    "payload":
    [
        {
            "id": 1,
            "type": 3,
            "question":{
                "caption": "Sample Question 3-1",
                "url": "https://www.youtube.com/embed/tgbNymZ7vqY"
            },
            "answer": ""
        },
        {
            "id": 2,
            "type": 3,
            "question":{
                "caption": "Sample Question 3-2",
                "url": "https://www.youtube.com/embed/tgbNymZ7vqY"
            },
            "answer": ""
        },
        {
            "id": 3,
            "type": 3,
            "question":{
                "caption": "Sample Question 3-2",
                "url": "https://www.youtube.com/embed/tgbNymZ7vqY"
            },
            "answer": ""
        },
        {
            "id": 4,
            "type": 3,
            "question":{
                "caption": "Sample Question 3-2",
                "url": "https://www.youtube.com/embed/tgbNymZ7vqY"
            },
            "answer": ""
        },
        {
            "id": 5,
            "type": 3,
            "question":{
                "caption": "Sample Question 3-2",
                "url": "https://www.youtube.com/embed/tgbNymZ7vqY"
            },
            "answer": ""
        },
        {
            "id": 6,
            "type": 3,
            "question":{
                "caption": "Sample Question 3-2",
                "url": "https://www.youtube.com/embed/tgbNymZ7vqY"
            },
            "answer": ""
        },
        {
            "id": 7,
            "type": 3,
            "question":{
                "caption": "Sample Question 3-2",
                "url": "https://www.youtube.com/embed/tgbNymZ7vqY"
            },
            "answer": ""
        },
        {
            "id": 8,
            "type": 3,
            "question":{
                "caption": "Sample Question 3-2",
                "url": "https://www.youtube.com/embed/tgbNymZ7vqY"
            },
            "answer": ""
        }
    ]
}
